YEAR_MONTH,PASSENGERS CARRIED
2023 SEP,17625.816499520723
2023 OCT,18432.657304341992
2023 NOV,11717.924933218128
2023 DEC,11401.81436308865
2024 JAN,14856.85063172682
2024 FEB,13447.066991409647
2024 MAR,11388.10939169216
2024 APR,12445.791481125896
2024 MAY,18420.784389363296
2024 JUN,11365.243400877458
2024 JUL,18764.970879116318
2024 AUG,13199.164563794535
